"Chapter","ChapterTitle","Wave","WaveName","HealthMultiplier","DamageMultiplier","SpeedMultiplier","ExpMultiplier","IsBossWave","SourceFile","SourceLine"
"1","Yellow Desert 1","1","Wave 1","1","1","1","1","0","Assets\Data\Chapters\Chapter_01_Grassland.asset","51"
"1","Yellow Desert 1","2","Wave 2","1.08","1.06","1.03","1.05","0","Assets\Data\Chapters\Chapter_01_Grassland.asset","70"
"1","Yellow Desert 1","3","Wave 3","1.16","1.12","1.06","1.1","0","Assets\Data\Chapters\Chapter_01_Grassland.asset","89"
"1","Yellow Desert 1","4","Wave 4","1.24","1.18","1.09","1.15","0","Assets\Data\Chapters\Chapter_01_Grassland.asset","111"
"1","Yellow Desert 1","5","Wave 5","1.32","1.24","1.12","1.2","0","Assets\Data\Chapters\Chapter_01_Grassland.asset","133"
"1","Yellow Desert 1","6","Wave 6","1.4","1.3","1.15","1.25","0","Assets\Data\Chapters\Chapter_01_Grassland.asset","155"
"1","Yellow Desert 1","7","Wave 7","1.48","1.36","1.18","1.3","0","Assets\Data\Chapters\Chapter_01_Grassland.asset","177"
"1","Yellow Desert 1","8","Wave 8","1.56","1.42","1.21","1.35","0","Assets\Data\Chapters\Chapter_01_Grassland.asset","199"
"1","Yellow Desert 1","9","Wave 9","1.64","1.48","1.24","1.4","0","Assets\Data\Chapters\Chapter_01_Grassland.asset","221"
"1","Yellow Desert 1","10","BOSS","2.15","1.85","1.27","1.5","1","Assets\Data\Chapters\Chapter_01_Grassland.asset","243"
"2","Mutant Forest","1","Wave 1","1.25","1.2","1.05","1.1","0","Assets\Data\Chapters\Chapter_02_MutantForest.asset","58"
"2","Mutant Forest","2","Wave 2","1.35","1.28","1.08","1.15","0","Assets\Data\Chapters\Chapter_02_MutantForest.asset","74"
"2","Mutant Forest","3","Wave 3","1.45","1.35","1.12","1.2","0","Assets\Data\Chapters\Chapter_02_MutantForest.asset","90"
"2","Mutant Forest","4","Wave 4","1.55","1.42","1.15","1.25","0","Assets\Data\Chapters\Chapter_02_MutantForest.asset","106"
"2","Mutant Forest","5","Wave 5","1.65","1.5","1.18","1.3","0","Assets\Data\Chapters\Chapter_02_MutantForest.asset","122"
"2","Mutant Forest","6","Wave 6","1.75","1.58","1.22","1.35","0","Assets\Data\Chapters\Chapter_02_MutantForest.asset","138"
"2","Mutant Forest","7","Wave 7","1.85","1.65","1.25","1.4","0","Assets\Data\Chapters\Chapter_02_MutantForest.asset","154"
"2","Mutant Forest","8","Wave 8","1.95","1.72","1.28","1.45","0","Assets\Data\Chapters\Chapter_02_MutantForest.asset","170"
"2","Mutant Forest","9","Wave 9","2.05","1.8","1.32","1.5","0","Assets\Data\Chapters\Chapter_02_MutantForest.asset","186"
"2","Mutant Forest","10","BOSS","2.7","2.3","1.35","1.6","1","Assets\Data\Chapters\Chapter_02_MutantForest.asset","202"
"3","Toxic Swamp","1","Wave 1","1.5","1.35","1.08","1.2","0","Assets\Data\Chapters\Chapter_03_ToxicSwamp.asset","64"
"3","Toxic Swamp","2","Wave 2","1.6","1.45","1.12","1.25","0","Assets\Data\Chapters\Chapter_03_ToxicSwamp.asset","80"
"3","Toxic Swamp","3","Wave 3","1.7","1.52","1.15","1.3","0","Assets\Data\Chapters\Chapter_03_ToxicSwamp.asset","96"
"3","Toxic Swamp","4","Wave 4","1.8","1.6","1.18","1.35","0","Assets\Data\Chapters\Chapter_03_ToxicSwamp.asset","112"
"3","Toxic Swamp","5","Wave 5","1.9","1.68","1.22","1.4","0","Assets\Data\Chapters\Chapter_03_ToxicSwamp.asset","128"
"3","Toxic Swamp","6","Wave 6","2","1.75","1.25","1.45","0","Assets\Data\Chapters\Chapter_03_ToxicSwamp.asset","144"
"3","Toxic Swamp","7","Wave 7","2.1","1.82","1.28","1.5","0","Assets\Data\Chapters\Chapter_03_ToxicSwamp.asset","160"
"3","Toxic Swamp","8","Wave 8","2.2","1.9","1.32","1.55","0","Assets\Data\Chapters\Chapter_03_ToxicSwamp.asset","176"
"3","Toxic Swamp","9","Wave 9","2.3","2","1.35","1.6","0","Assets\Data\Chapters\Chapter_03_ToxicSwamp.asset","192"
"3","Toxic Swamp","10","BOSS","3","2.6","1.4","1.75","1","Assets\Data\Chapters\Chapter_03_ToxicSwamp.asset","208"
"4","Dense Jungle 1","1","Wave 1","1.75","1.5","1.1","1.3","0","Assets\Data\Chapters\Chapter_04_DenseJungle1.asset","51"
"4","Dense Jungle 1","2","Wave 2","1.85","1.6","1.14","1.35","0","Assets\Data\Chapters\Chapter_04_DenseJungle1.asset","67"
"4","Dense Jungle 1","3","Wave 3","1.95","1.7","1.18","1.4","0","Assets\Data\Chapters\Chapter_04_DenseJungle1.asset","83"
"4","Dense Jungle 1","4","Wave 4","2.05","1.8","1.22","1.45","0","Assets\Data\Chapters\Chapter_04_DenseJungle1.asset","99"
"4","Dense Jungle 1","5","Wave 5","2.15","1.9","1.25","1.5","0","Assets\Data\Chapters\Chapter_04_DenseJungle1.asset","115"
"4","Dense Jungle 1","6","Wave 6","2.25","2","1.28","1.55","0","Assets\Data\Chapters\Chapter_04_DenseJungle1.asset","131"
"4","Dense Jungle 1","7","Wave 7","2.35","2.1","1.32","1.6","0","Assets\Data\Chapters\Chapter_04_DenseJungle1.asset","147"
"4","Dense Jungle 1","8","Wave 8","2.45","2.2","1.35","1.65","0","Assets\Data\Chapters\Chapter_04_DenseJungle1.asset","163"
"4","Dense Jungle 1","9","Wave 9","2.55","2.3","1.38","1.7","0","Assets\Data\Chapters\Chapter_04_DenseJungle1.asset","179"
"4","Dense Jungle 1","10","BOSS","3.5","3","1.45","2","1","Assets\Data\Chapters\Chapter_04_DenseJungle1.asset","195"
"5","Arid Desert","1","Wave 1","2.0","1.65","1.12","1.4","0","Assets\Data\Chapters\Chapter_05_AridDesert.asset","51"
"5","Arid Desert","2","Wave 2","2.1","1.75","1.16","1.45","0","Assets\Data\Chapters\Chapter_05_AridDesert.asset","67"
"5","Arid Desert","3","Wave 3","2.2","1.85","1.19","1.5","0","Assets\Data\Chapters\Chapter_05_AridDesert.asset","83"
"5","Arid Desert","4","Wave 4","2.3","1.95","1.23","1.55","0","Assets\Data\Chapters\Chapter_05_AridDesert.asset","99"
"5","Arid Desert","5","Wave 5","2.4","2.05","1.26","1.6","0","Assets\Data\Chapters\Chapter_05_AridDesert.asset","115"
"5","Arid Desert","6","Wave 6","2.5","2.15","1.3","1.65","0","Assets\Data\Chapters\Chapter_05_AridDesert.asset","131"
"5","Arid Desert","7","Wave 7","2.6","2.25","1.33","1.7","0","Assets\Data\Chapters\Chapter_05_AridDesert.asset","147"
"5","Arid Desert","8","Wave 8","2.7","2.35","1.37","1.75","0","Assets\Data\Chapters\Chapter_05_AridDesert.asset","163"
"5","Arid Desert","9","Wave 9","2.8","2.45","1.4","1.8","0","Assets\Data\Chapters\Chapter_05_AridDesert.asset","179"
"5","Arid Desert","10","BOSS","4.0","3.4","1.5","2.2","1","Assets\Data\Chapters\Chapter_05_AridDesert.asset","195"
"6","Volcanic Ridge","1","Wave 1","2.25","1.8","1.15","1.5","0","Assets\Data\Chapters\Chapter_06_VolcanicRidge.asset","51"
"6","Volcanic Ridge","2","Wave 2","2.35","1.9","1.18","1.55","0","Assets\Data\Chapters\Chapter_06_VolcanicRidge.asset","67"
"6","Volcanic Ridge","3","Wave 3","2.45","2.0","1.22","1.6","0","Assets\Data\Chapters\Chapter_06_VolcanicRidge.asset","83"
"6","Volcanic Ridge","4","Wave 4","2.55","2.1","1.25","1.65","0","Assets\Data\Chapters\Chapter_06_VolcanicRidge.asset","99"
"6","Volcanic Ridge","5","Wave 5","2.65","2.2","1.29","1.7","0","Assets\Data\Chapters\Chapter_06_VolcanicRidge.asset","115"
"6","Volcanic Ridge","6","Wave 6","2.75","2.3","1.32","1.75","0","Assets\Data\Chapters\Chapter_06_VolcanicRidge.asset","131"
"6","Volcanic Ridge","7","Wave 7","2.85","2.4","1.35","1.8","0","Assets\Data\Chapters\Chapter_06_VolcanicRidge.asset","147"
"6","Volcanic Ridge","8","Wave 8","2.95","2.5","1.39","1.85","0","Assets\Data\Chapters\Chapter_06_VolcanicRidge.asset","163"
"6","Volcanic Ridge","9","Wave 9","3.05","2.6","1.43","1.9","0","Assets\Data\Chapters\Chapter_06_VolcanicRidge.asset","179"
"6","Volcanic Ridge","10","BOSS","4.5","3.8","1.55","2.4","1","Assets\Data\Chapters\Chapter_06_VolcanicRidge.asset","195"
"7","Frozen Tundra","1","Wave 1","2.5","1.95","1.17","1.6","0","Assets\Data\Chapters\Chapter_07_FrozenTundra.asset","51"
"7","Frozen Tundra","2","Wave 2","2.6","2.05","1.2","1.65","0","Assets\Data\Chapters\Chapter_07_FrozenTundra.asset","67"
"7","Frozen Tundra","3","Wave 3","2.7","2.15","1.24","1.7","0","Assets\Data\Chapters\Chapter_07_FrozenTundra.asset","83"
"7","Frozen Tundra","4","Wave 4","2.8","2.25","1.27","1.75","0","Assets\Data\Chapters\Chapter_07_FrozenTundra.asset","99"
"7","Frozen Tundra","5","Wave 5","2.9","2.35","1.31","1.8","0","Assets\Data\Chapters\Chapter_07_FrozenTundra.asset","115"
"7","Frozen Tundra","6","Wave 6","3.0","2.45","1.34","1.85","0","Assets\Data\Chapters\Chapter_07_FrozenTundra.asset","131"
"7","Frozen Tundra","7","Wave 7","3.1","2.55","1.38","1.9","0","Assets\Data\Chapters\Chapter_07_FrozenTundra.asset","147"
"7","Frozen Tundra","8","Wave 8","3.2","2.65","1.42","1.95","0","Assets\Data\Chapters\Chapter_07_FrozenTundra.asset","163"
"7","Frozen Tundra","9","Wave 9","3.3","2.75","1.45","2.0","0","Assets\Data\Chapters\Chapter_07_FrozenTundra.asset","179"
"7","Frozen Tundra","10","BOSS","5.0","4.2","1.6","2.6","1","Assets\Data\Chapters\Chapter_07_FrozenTundra.asset","195"
"8","Cyber Outpost","1","Wave 1","2.75","2.1","1.2","1.7","0","Assets\Data\Chapters\Chapter_08_CyberOutpost.asset","51"
"8","Cyber Outpost","2","Wave 2","2.85","2.2","1.23","1.75","0","Assets\Data\Chapters\Chapter_08_CyberOutpost.asset","67"
"8","Cyber Outpost","3","Wave 3","2.95","2.3","1.27","1.8","0","Assets\Data\Chapters\Chapter_08_CyberOutpost.asset","83"
"8","Cyber Outpost","4","Wave 4","3.05","2.4","1.3","1.85","0","Assets\Data\Chapters\Chapter_08_CyberOutpost.asset","99"
"8","Cyber Outpost","5","Wave 5","3.15","2.5","1.33","1.9","0","Assets\Data\Chapters\Chapter_08_CyberOutpost.asset","115"
"8","Cyber Outpost","6","Wave 6","3.25","2.6","1.37","1.95","0","Assets\Data\Chapters\Chapter_08_CyberOutpost.asset","131"
"8","Cyber Outpost","7","Wave 7","3.35","2.7","1.41","2.0","0","Assets\Data\Chapters\Chapter_08_CyberOutpost.asset","147"
"8","Cyber Outpost","8","Wave 8","3.45","2.8","1.44","2.05","0","Assets\Data\Chapters\Chapter_08_CyberOutpost.asset","163"
"8","Cyber Outpost","9","Wave 9","3.55","2.9","1.48","2.1","0","Assets\Data\Chapters\Chapter_08_CyberOutpost.asset","179"
"8","Cyber Outpost","10","BOSS","5.5","4.6","1.65","2.8","1","Assets\Data\Chapters\Chapter_08_CyberOutpost.asset","195"
"9","Bio-Lab Complex","1","Wave 1","3.0","2.25","1.22","1.8","0","Assets\Data\Chapters\Chapter_09_BioLabComplex.asset","51"
"9","Bio-Lab Complex","2","Wave 2","3.1","2.35","1.25","1.85","0","Assets\Data\Chapters\Chapter_09_BioLabComplex.asset","67"
"9","Bio-Lab Complex","3","Wave 3","3.2","2.45","1.29","1.9","0","Assets\Data\Chapters\Chapter_09_BioLabComplex.asset","83"
"9","Bio-Lab Complex","4","Wave 4","3.3","2.55","1.32","1.95","0","Assets\Data\Chapters\Chapter_09_BioLabComplex.asset","99"
"9","Bio-Lab Complex","5","Wave 5","3.4","2.65","1.36","2.0","0","Assets\Data\Chapters\Chapter_09_BioLabComplex.asset","115"
"9","Bio-Lab Complex","6","Wave 6","3.5","2.75","1.4","2.05","0","Assets\Data\Chapters\Chapter_09_BioLabComplex.asset","131"
"9","Bio-Lab Complex","7","Wave 7","3.6","2.85","1.43","2.1","0","Assets\Data\Chapters\Chapter_09_BioLabComplex.asset","147"
"9","Bio-Lab Complex","8","Wave 8","3.7","2.95","1.47","2.15","0","Assets\Data\Chapters\Chapter_09_BioLabComplex.asset","163"
"9","Bio-Lab Complex","9","Wave 9","3.8","3.05","1.5","2.2","0","Assets\Data\Chapters\Chapter_09_BioLabComplex.asset","179"
"9","Bio-Lab Complex","10","BOSS","6.0","5.0","1.7","3.0","1","Assets\Data\Chapters\Chapter_09_BioLabComplex.asset","195"
"10","Core Omega","1","Wave 1","3.25","2.4","1.25","1.9","0","Assets\Data\Chapters\Chapter_10_CoreOmega.asset","51"
"10","Core Omega","2","Wave 2","3.35","2.5","1.28","1.95","0","Assets\Data\Chapters\Chapter_10_CoreOmega.asset","67"
"10","Core Omega","3","Wave 3","3.45","2.6","1.32","2.0","0","Assets\Data\Chapters\Chapter_10_CoreOmega.asset","83"
"10","Core Omega","4","Wave 4","3.55","2.7","1.35","2.05","0","Assets\Data\Chapters\Chapter_10_CoreOmega.asset","99"
"10","Core Omega","5","Wave 5","3.65","2.8","1.39","2.1","0","Assets\Data\Chapters\Chapter_10_CoreOmega.asset","115"
"10","Core Omega","6","Wave 6","3.75","2.9","1.42","2.15","0","Assets\Data\Chapters\Chapter_10_CoreOmega.asset","131"
"10","Core Omega","7","Wave 7","3.85","3.0","1.46","2.2","0","Assets\Data\Chapters\Chapter_10_CoreOmega.asset","147"
"10","Core Omega","8","Wave 8","3.95","3.1","1.49","2.25","0","Assets\Data\Chapters\Chapter_10_CoreOmega.asset","163"
"10","Core Omega","9","Wave 9","4.05","3.2","1.53","2.3","0","Assets\Data\Chapters\Chapter_10_CoreOmega.asset","179"
"10","Core Omega","10","BOSS","6.5","5.4","1.75","3.2","1","Assets\Data\Chapters\Chapter_10_CoreOmega.asset","195"
"GenMine","GenMine","1","Wave 1","1","1","1","1","0","Assets\Scenes\GenMine.unity","16681"
"GenMine","GenMine","2","Wave 2","1","1","1","1","0","Assets\Scenes\GenMine.unity","16700"
"GenMine","GenMine","3","Wave 3","1","1","1","1","0","Assets\Scenes\GenMine.unity","16719"
"GenMine","GenMine","4","Wave 4","1","1","1","1","0","Assets\Scenes\GenMine.unity","16741"
"GenMine","GenMine","5","Wave 5","1","1","1","1","0","Assets\Scenes\GenMine.unity","16763"
"GenMine","GenMine","6","Wave 6","1","1","1","1","0","Assets\Scenes\GenMine.unity","16785"
"GenMine","GenMine","7","Wave 7","1","1","1","1","0","Assets\Scenes\GenMine.unity","16807"
"GenMine","GenMine","8","Wave 8","1","1","1","1","0","Assets\Scenes\GenMine.unity","16829"
"GenMine","GenMine","9","Wave 9","1","1","1","1","0","Assets\Scenes\GenMine.unity","16851"
"GenMine","GenMine","10","Wave 10","1","1","1","1","1","Assets\Scenes\GenMine.unity","16873"
